Title	Register type	Register	Division factor	Unit	Size of variable	Min value	Max value	Default value	
Current outdoor temperature (BT1)	MODBUS_INPUT_REGISTER	1	10	°C	s16	0	0	0
Supply line (EP23-BT2)	MODBUS_INPUT_REGISTER	2	10	°C	s16	0	0	0
Supply line (EP22-BT2)	MODBUS_INPUT_REGISTER	3	10	°C	s16	0	0	0
Supply line (EP21-BT2)	MODBUS_INPUT_REGISTER	4	10	°C	s16	0	0	0
Supply line (BT2)	MODBUS_INPUT_REGISTER	5	10	°C	s16	0	0	0
Return line (BT3)	MODBUS_INPUT_REGISTER	7	10	°C	s16	0	0	0
Hot water top (BT7)	MODBUS_INPUT_REGISTER	8	10	°C	s16	0	0	0
Hot water charging (BT6)	MODBUS_INPUT_REGISTER	9	10	°C	s16	0	0	0
Temperature limiter (EB100-FD1)	MODBUS_INPUT_REGISTER	36	1		s16	0	0	0
Average temperature (BT1)	MODBUS_INPUT_REGISTER	37	10	°C	s16	0	0	0
Boiler temperature (BT52)	MODBUS_INPUT_REGISTER	38	10	°C	s16	0	0	0
Flow sensor (BF1)	MODBUS_INPUT_REGISTER	40	10	l/min	s16	0	0	0
Electrical anode (EB100-FR1)	MODBUS_INPUT_REGISTER	41	1		s16	0	0	0
Additional heat (BT63)	MODBUS_INPUT_REGISTER	72	10	°C	s16	0	0	0
Return line (EP23-BT3)	MODBUS_INPUT_REGISTER	75	10	°C	s16	0	0	0
Return line (EP22-BT3)	MODBUS_INPUT_REGISTER	76	10	°C	s16	0	0	0
Return line (EP21-BT3)	MODBUS_INPUT_REGISTER	77	10	°C	s16	0	0	0
Return line (EP15-BT3)	MODBUS_INPUT_REGISTER	78	10	°C	s16	0	0	0
Outgoing hot water (BT70)	MODBUS_INPUT_REGISTER	87	10	°C	s16	0	0	0
Solar sensor, pool (BT51)	MODBUS_INPUT_REGISTER	89	10	°C	s16	0	0	0
Supply line (EP47-BT2)	MODBUS_INPUT_REGISTER	94	10	°C	s16	0	0	0
Supply line (EP46-BT2)	MODBUS_INPUT_REGISTER	95	10	°C	s16	0	0	0
Supply line (EP45-BT2)	MODBUS_INPUT_REGISTER	96	10	°C	s16	0	0	0
Supply line (EP44-BT2)	MODBUS_INPUT_REGISTER	97	10	°C	s16	0	0	0
Return line (EP47-BT3)	MODBUS_INPUT_REGISTER	98	10	°C	s16	0	0	0
Return line (EP46-BT3)	MODBUS_INPUT_REGISTER	99	10	°C	s16	0	0	0
Return line (EP45-BT3)	MODBUS_INPUT_REGISTER	100	10	°C	s16	0	0	0
Return line (EP44-BT3)	MODBUS_INPUT_REGISTER	101	10	°C	s16	0	0	0
Room average temp. clim. system 8 (BT50)	MODBUS_INPUT_REGISTER	109	10	°C	s16	0	0	0
Room average temp. clim. system 7 (BT50)	MODBUS_INPUT_REGISTER	110	10	°C	s16	0	0	0
Room average temp. clim. system 6 (BT50)	MODBUS_INPUT_REGISTER	111	10	°C	s16	0	0	0
Room average temp. clim. system 5 (BT50)	MODBUS_INPUT_REGISTER	112	10	°C	s16	0	0	0
Room average temp. clim. system 4 (BT50)	MODBUS_INPUT_REGISTER	113	10	°C	s16	0	0	0
Room average temp. clim. system 3 (BT50)	MODBUS_INPUT_REGISTER	114	10	°C	s16	0	0	0
Room average temp. clim. system 2 (BT50)	MODBUS_INPUT_REGISTER	115	10	°C	s16	0	0	0
Room average temp. clim. system 1 (BT50)	MODBUS_INPUT_REGISTER	116	10	°C	s16	0	0	0
Oper. mode shunt climate system 8	MODBUS_INPUT_REGISTER	129	1		u8	0	0	0
Oper. mode shunt climate system 7	MODBUS_INPUT_REGISTER	130	1		u8	0	0	0
Oper. mode shunt climate system 6	MODBUS_INPUT_REGISTER	131	1		u8	0	0	0
Oper. mode shunt climate system 5	MODBUS_INPUT_REGISTER	132	1		u8	0	0	0
Relay status (ERS 1)	MODBUS_INPUT_REGISTER	134	1		u8	0	0	0
Fan speed (AZ30-GQ2)	MODBUS_INPUT_REGISTER	135	1	%	u8	0	0	0
Fan speed (AZ30-GQ3)	MODBUS_INPUT_REGISTER	136	1	%	u8	0	0	0
Current hot water mode controlled by	MODBUS_INPUT_REGISTER	137	1		s8	0	0	0
Max. compressor frequency, heating	MODBUS_INPUT_REGISTER	141	100	Hz	u16	0	0	0
External adjustment climate system 8	MODBUS_INPUT_REGISTER	151	1		u8	0	0	0
External adjustment climate system 7	MODBUS_INPUT_REGISTER	152	1		u8	0	0	0
External adjustment climate system 6	MODBUS_INPUT_REGISTER	153	1		u8	0	0	0
External adjustment climate system 5	MODBUS_INPUT_REGISTER	154	1		u8	0	0	0
Climate system 8	MODBUS_INPUT_REGISTER	156	1		u8	0	0	0
Climate system 7	MODBUS_INPUT_REGISTER	157	1		u8	0	0	0
Climate system 6	MODBUS_INPUT_REGISTER	158	1		u8	0	0	0
Climate system 5	MODBUS_INPUT_REGISTER	159	1		u8	0	0	0
Hot water comfort return (BT82)	MODBUS_INPUT_REGISTER	174	10	°C	s16	0	0	0
Hot water comfort heater (BT83)	MODBUS_INPUT_REGISTER	175	10	°C	s16	0	0	0
Compressor, total time pool, heat pump 2 (EP15)	MODBUS_INPUT_REGISTER	251	1	h	u32	0	0	0
Compressor, total time pool 2, heat pump 2 (EP15)	MODBUS_INPUT_REGISTER	253	1	h	u32	0	0	0
Compressor, total time pool, heat pump 2 (EP14)	MODBUS_INPUT_REGISTER	257	1	h	u32	0	2147483647	0
Compressor, total time pool 2, heat pump 2 (EP14)	MODBUS_INPUT_REGISTER	259	1	h	u32	0	2147483647	0
Compressor, total time cooling, heat pump 1 (EP14)	MODBUS_INPUT_REGISTER	267	1	h	u32	-2147483648	2147483647	0
Compressor, total time pool, heat pump 1 (EP14)	MODBUS_INPUT_REGISTER	269	1	h	u32	-2147483648	2147483647	0
Compressor, total time pool 2, heat pump 1 (EP14)	MODBUS_INPUT_REGISTER	271	1	h	u32	-2147483648	2147483647	0
Total run time compressor cooling	MODBUS_INPUT_REGISTER	279	1	h	u32	0	2147483647	0
Compressor, total time pool, main unit (EP14)	MODBUS_INPUT_REGISTER	281	1	h	u32	0	2147483647	0
Compressor, total time pool 2, main unit (EP14)	MODBUS_INPUT_REGISTER	283	1	h	u32	0	2147483647	0
Heat pump 1 requested compressor frequency	MODBUS_INPUT_REGISTER	301	1	Hz	u8	0	0	0
Main unit, requested compressor freq	MODBUS_INPUT_REGISTER	302	1	Hz	u8	0	0	0
Frost protection heat exchanger, main unit	MODBUS_INPUT_REGISTER	310	1		u8	0	0	0
Available compressors heating	MODBUS_INPUT_REGISTER	317	1		u8	0	0	0
Available compressors hot water	MODBUS_INPUT_REGISTER	318	1		u8	0	0	0
Available compressors pool 1	MODBUS_INPUT_REGISTER	319	1		u8	0	0	0
Available compressors cooling	MODBUS_INPUT_REGISTER	321	1		u8	0	0	0
Supply temperature (BT64)	MODBUS_INPUT_REGISTER	337	10	°C	s16	0	0	0
Heat pump functionality 2	MODBUS_INPUT_REGISTER	338	1		u32	0	0	0
Status (S135)	MODBUS_INPUT_REGISTER	344	1		u8	0	0	0
Status, demand, pump speed (S135)	MODBUS_INPUT_REGISTER	345	1		u8	0	0	0
Status, demand, fan speed (S135)	MODBUS_INPUT_REGISTER	346	1		u8	0	0	0
Status, solenoid (S135)	MODBUS_INPUT_REGISTER	347	1		u8	0	0	0
Status, compressor, heater(S135)	MODBUS_INPUT_REGISTER	348	1		u8	0	0	0
Status, compressor, demand (S135)	MODBUS_INPUT_REGISTER	350	1		u8	0	0	0
Degree minutes	MODBUS_HOLDING_REGISTER	11	10	DM	s32	-30000	30000	0
Blocking (ERS 1)	MODBUS_INPUT_REGISTER	358	1		u8	0	0	0
AZ30-EB17	MODBUS_INPUT_REGISTER	359	1		u8	0	0	0
Supply line (S135-BT12)	MODBUS_INPUT_REGISTER	360	10	°C	s16	0	0	0
Return line (S135-BT13)	MODBUS_INPUT_REGISTER	361	10	°C	s16	0	0	0
Evaporator (S135-BT16)	MODBUS_INPUT_REGISTER	362	10	°C	s16	0	0	0
Defrosting sensor (S135-BT76)	MODBUS_INPUT_REGISTER	363	10	°C	s16	0	0	0
Incoming air (S135-BT77)	MODBUS_INPUT_REGISTER	364	10	°C	s16	0	0	0
Alarm number (S135)	MODBUS_INPUT_REGISTER	365	1		u16	0	0	0
Defrosting (S135)	MODBUS_INPUT_REGISTER	366	1		u8	0	0	0
Status, relay 5 (S135)	MODBUS_INPUT_REGISTER	367	1		u8	0	0	0
Status, relay 4 (S135)	MODBUS_INPUT_REGISTER	368	1		u8	0	0	0
Status, relay 3 (S135)	MODBUS_INPUT_REGISTER	369	1		u8	0	0	0
Status, relay 2 (S135)	MODBUS_INPUT_REGISTER	370	1		u8	0	0	0
Status, relay 1 (S135)	MODBUS_INPUT_REGISTER	371	1		u8	0	0	0
Status, relay 0 (S135)	MODBUS_INPUT_REGISTER	372	1		u8	0	0	0
Pump speed (S135)	MODBUS_INPUT_REGISTER	373	1	%	u8	0	0	0
Selected fan speed	MODBUS_INPUT_REGISTER	374	1	%	u8	0	0	0
Version (S135)	MODBUS_INPUT_REGISTER	376	1		u16	0	0	0
Seconds of blank time left, charge pump 1	MODBUS_INPUT_REGISTER	392	1		u8	0	0	0
Seconds of blank time left, charge pump 0	MODBUS_INPUT_REGISTER	393	1		u8	0	0	0
Alarm number from outdoor air heat pump (EB101)	MODBUS_INPUT_REGISTER	400	1		u8	0	0	0
Fan speed (EB101)	MODBUS_INPUT_REGISTER	401	1	rpm	u16	0	0	0
Max fan speed (EB101)	MODBUS_INPUT_REGISTER	402	1	rpm	u16	0	0	0
Min fan speed (EB101)	MODBUS_INPUT_REGISTER	403	1	rpm	u16	0	0	0
Max compressor speed (EB101)	MODBUS_INPUT_REGISTER	404	10	Hz	u16	0	0	0
Min compressor speed (EB101)	MODBUS_INPUT_REGISTER	405	10	Hz	u16	0	0	0
Generated power heating (EB101)	MODBUS_INPUT_REGISTER	406	10	kW	u16	0	0	0
Time to defrosting (EB101)	MODBUS_INPUT_REGISTER	407	1	min	u16	0	0	0
Defrosting index (EB101)	MODBUS_INPUT_REGISTER	408	1		u16	0	0	0
Superheat reference EEV (EB101)	MODBUS_INPUT_REGISTER	409	10	°C	s16	0	0	0
Superheat EEV (EB101)	MODBUS_INPUT_REGISTER	410	10	°C	s16	0	0	0
EEV-ssh-error (EB101)	MODBUS_INPUT_REGISTER	411	10	°C	s16	0	0	0
Superheat temp. reference EEV (EB101)	MODBUS_INPUT_REGISTER	412	10	°C	s16	0	0	0
Set point value EEV (EB101)	MODBUS_INPUT_REGISTER	413	10	°C	s16	0	0	0
EEV PV (EB101)	MODBUS_INPUT_REGISTER	414	10	°C	s16	0	0	0
EEV-te-error average open (EB101)	MODBUS_INPUT_REGISTER	415	10	°C	s16	0	0	0
Degree of opening EEV (EB101)	MODBUS_INPUT_REGISTER	416	1		u16	0	0	0
Superheat reference EVI (EB101)	MODBUS_INPUT_REGISTER	417	10	°C	s16	0	0	0
Superheat EVI (EB101)	MODBUS_INPUT_REGISTER	418	10	°C	s16	0	0	0
EEV-ssh-error (EVI)(EB101)	MODBUS_INPUT_REGISTER	419	10	°C	s16	0	0	0
Superheat temp. reference EVI (EB101)	MODBUS_INPUT_REGISTER	420	10	°C	s16	0	0	0
Set point value EVI (EB101)	MODBUS_INPUT_REGISTER	421	10	°C	s16	0	0	0
EVI PV (EB101)	MODBUS_INPUT_REGISTER	422	10	°C	s16	0	0	0
EEV-te-error average open in (EVI)(EB101)	MODBUS_INPUT_REGISTER	423	10	°C	s16	0	0	0
Degree of opening EVI (EB101)	MODBUS_INPUT_REGISTER	424	1		u16	0	0	0
Low press (EB102 BP8 dew)	MODBUS_INPUT_REGISTER	534	10	°C	s16	0	0	0
Hi press (EB102 BP9 dew)	MODBUS_INPUT_REGISTER	535	10	°C	s16	0	0	0
EVI pressure (EB102-EP14-BP11 dew)	MODBUS_INPUT_REGISTER	538	10	°C	s16	0	0	0
Fan status (EB102-EP14)	MODBUS_INPUT_REGISTER	540	1		u8	0	0	0
Fan rpm (EB102-EP14)	MODBUS_INPUT_REGISTER	541	1	rpm	u16	0	0	0
Low press (EB101 BP8 dew)	MODBUS_INPUT_REGISTER	550	10	°C	s16	0	0	0
Hi press (EB101 BP9 dew)	MODBUS_INPUT_REGISTER	551	10	°C	s16	0	0	0
Injection (EB101-BT81)	MODBUS_INPUT_REGISTER	552	10	°C	s16	0	0	0
Pressure sensor, injection (EB101-BP11)	MODBUS_INPUT_REGISTER	553	10		s16	0	0	0
EVI pressure (EB101-EP14-BP11 dew)	MODBUS_INPUT_REGISTER	554	10	°C	s16	0	0	0
Evaporator (EB101-BT84)	MODBUS_INPUT_REGISTER	555	10	°C	s16	0	0	0
Fan status (EB101-EP14)	MODBUS_INPUT_REGISTER	556	1		u8	0	0	0
Fan rpm (EB101-EP14)	MODBUS_INPUT_REGISTER	557	1	rpm	u16	0	0	0
High condenser out alarm (S135)	MODBUS_INPUT_REGISTER	575	1		u16	0	0	0
High condenser in alarm (S135)	MODBUS_INPUT_REGISTER	576	1		u16	0	0	0
Operating mode PV panels	MODBUS_INPUT_REGISTER	579	1		u8	0	0	0
EME lux mode without EME	MODBUS_INPUT_REGISTER	581	1		u8	0	0	0
Timer (EME)	MODBUS_INPUT_REGISTER	582	60	min	u16	0	0	0
Fan mode 4	MODBUS_INPUT_REGISTER	590	1	%	u8	0	0	0
Fan mode 3	MODBUS_INPUT_REGISTER	591	1	%	u8	0	0	0
Fan mode 2	MODBUS_INPUT_REGISTER	592	1	%	u8	0	0	0
Is the compressor accessible	MODBUS_INPUT_REGISTER	593	1		u8	0	0	0
Permit (undefined)	MODBUS_INPUT_REGISTER	683	1		u8	0	0	0
Permit (undefined)	MODBUS_INPUT_REGISTER	684	1		u8	0	0	0
Permit (undefined)	MODBUS_INPUT_REGISTER	685	1		u8	0	0	0
Permit (OPT 10) additional heat	MODBUS_INPUT_REGISTER	686	1		u8	0	0	0
Permit ext. imm. heater step	MODBUS_INPUT_REGISTER	687	1		u8	0	0	0
Permit int. imm. heater step	MODBUS_INPUT_REGISTER	688	1		u8	0	0	0
Permit shunted additional heat	MODBUS_INPUT_REGISTER	689	1		u8	0	0	0
Permit prioritised additional heat	MODBUS_INPUT_REGISTER	690	1		u8	0	0	0
Permit (EB108-EP15)	MODBUS_INPUT_REGISTER	691	1		u8	0	0	0
Permit (EB107-EP15)	MODBUS_INPUT_REGISTER	692	1		u8	0	0	0
Permit (EB106-EP15)	MODBUS_INPUT_REGISTER	693	1		u8	0	0	0
Permit (EB105-EP15)	MODBUS_INPUT_REGISTER	694	1		u8	0	0	0
Permit (EB104-EP15)	MODBUS_INPUT_REGISTER	695	1		u8	0	0	0
Permit (EB103-EP15)	MODBUS_INPUT_REGISTER	696	1		u8	0	0	0
Permit (EB102-EP15)	MODBUS_INPUT_REGISTER	697	1		u8	0	0	0
Permit (EB101-EP15)	MODBUS_INPUT_REGISTER	698	1		u8	0	0	0
Permit (EB100-EP15)	MODBUS_INPUT_REGISTER	699	1		u8	0	0	0
Permit (EB108-EP14)	MODBUS_INPUT_REGISTER	700	1		u8	0	0	0
Permit (EB107-EP14)	MODBUS_INPUT_REGISTER	701	1		u8	0	0	0
Permit (EB106-EP14)	MODBUS_INPUT_REGISTER	702	1		u8	0	0	0
Permit (EB105-EP14)	MODBUS_INPUT_REGISTER	703	1		u8	0	0	0
Permit (EB104-EP14)	MODBUS_INPUT_REGISTER	704	1		u8	0	0	0
Permit (EB103-EP14)	MODBUS_INPUT_REGISTER	705	1		u8	0	0	0
Permit (EB102-EP14)	MODBUS_INPUT_REGISTER	706	1		u8	0	0	0
Permit (EB101-EP14)	MODBUS_INPUT_REGISTER	707	1		u8	0	0	0
Permit (EB100-EP14)	MODBUS_INPUT_REGISTER	708	1		u8	0	0	0
Smart energy source, priority 7, start DM	MODBUS_INPUT_REGISTER	709	1		s32	0	0	0
Smart energy source, priority 6, start DM	MODBUS_INPUT_REGISTER	711	1		s32	0	0	0
Smart energy source, priority 5, start DM	MODBUS_INPUT_REGISTER	713	1		s32	0	0	0
Smart energy source, priority 4, start DM	MODBUS_INPUT_REGISTER	715	1		s32	0	0	0
Smart energy source, priority 3, start DM	MODBUS_INPUT_REGISTER	717	1		s32	0	0	0
Smart energy source, priority 2, start DM	MODBUS_INPUT_REGISTER	719	1		s32	0	0	0
Smart energy source, priority 1, start DM	MODBUS_INPUT_REGISTER	721	1		s32	0	0	0
Smart energy source, priority 7, stop DM	MODBUS_INPUT_REGISTER	723	1		s32	0	0	0
Smart energy source, priority 6, stop DM	MODBUS_INPUT_REGISTER	725	1		s32	0	0	0
Smart energy source, priority 5, stop DM	MODBUS_INPUT_REGISTER	727	1		s32	0	0	0
Smart energy source, priority 4, stop DM	MODBUS_INPUT_REGISTER	729	1		s32	0	0	0
Smart energy source, priority 3, stop DM	MODBUS_INPUT_REGISTER	731	1		s32	0	0	0
Smart energy source, priority 2, stop DM	MODBUS_INPUT_REGISTER	733	1		s32	0	0	0
Smart energy source, priority 1, stop DM	MODBUS_INPUT_REGISTER	735	1		s32	0	0	0
Smart energy source, DM minimum value	MODBUS_INPUT_REGISTER	737	1		s32	0	0	0
External guide status	MODBUS_INPUT_REGISTER	745	1		u8	0	0	0
Test guide value	MODBUS_INPUT_REGISTER	746	1		u16	0	0	0
Temp. lux forces start of hot water demand	MODBUS_INPUT_REGISTER	747	1		u8	0	0	0
Wood boiler activated	MODBUS_INPUT_REGISTER	759	1		u8	0	0	0
Time to defrosting (EB108)	MODBUS_INPUT_REGISTER	767	1	min	u16	0	0	0
Time to defrosting (EB107)	MODBUS_INPUT_REGISTER	792	1	min	u16	0	0	0
Time to defrosting (EB106)	MODBUS_INPUT_REGISTER	817	1	min	u16	0	0	0
Time to defrosting (EB105)	MODBUS_INPUT_REGISTER	842	1	min	u16	0	0	0
Time to defrosting (EB104)	MODBUS_INPUT_REGISTER	867	1	min	u16	0	0	0
Time to defrosting (EB103)	MODBUS_INPUT_REGISTER	892	1	min	u16	0	0	0
Fan speed (EB102)	MODBUS_INPUT_REGISTER	911	1	rpm	u16	0	0	0
Max fan speed (EB102)	MODBUS_INPUT_REGISTER	912	1	rpm	u16	0	0	0
Min fan speed (EB102)	MODBUS_INPUT_REGISTER	913	1	rpm	u16	0	0	0
Generated power heating (EB102	MODBUS_INPUT_REGISTER	916	10	kW	u16	0	0	0
Time to defrosting (EB102)	MODBUS_INPUT_REGISTER	917	1	min	u16	0	0	0
Defrosting index (EB102)	MODBUS_INPUT_REGISTER	918	1		u16	0	0	0
Superheat reference EEV (EB102)	MODBUS_INPUT_REGISTER	919	10	°C	s16	0	0	0
Superheat EEV (EB102)	MODBUS_INPUT_REGISTER	920	10	°C	s16	0	0	0
EEV-ssh-error (EB102)	MODBUS_INPUT_REGISTER	921	10	°C	s16	0	0	0
Superheat temp. reference EEV (EB101)	MODBUS_INPUT_REGISTER	922	10	°C	s16	0	0	0
Set point value EEV (EB102)	MODBUS_INPUT_REGISTER	923	10	°C	s16	0	0	0
EEV PV (EB102)	MODBUS_INPUT_REGISTER	924	10	°C	s16	0	0	0
EEV-te-error average open (EB102)	MODBUS_INPUT_REGISTER	925	10	°C	s16	0	0	0
Degree of opening EEV (EB102)	MODBUS_INPUT_REGISTER	926	1		u16	0	0	0
Superheat reference EVI (EB102)	MODBUS_INPUT_REGISTER	927	10	°C	s16	0	0	0
Superheat EVI (EB102)	MODBUS_INPUT_REGISTER	928	10	°C	s16	0	0	0
EEV-ssh-error (EVI)(EB102)	MODBUS_INPUT_REGISTER	929	10	°C	s16	0	0	0
Superheat temp. reference EVI (EB102)	MODBUS_INPUT_REGISTER	930	10	°C	s16	0	0	0
Set point value EVI (EB102)	MODBUS_INPUT_REGISTER	931	10	°C	s16	0	0	0
EVI PV (EB102)	MODBUS_INPUT_REGISTER	932	10	°C	s16	0	0	0
EEV-te-error average open (EVI)(EB102)	MODBUS_INPUT_REGISTER	933	10	°C	s16	0	0	0
Alarm number (EB100)	MODBUS_INPUT_REGISTER	935	1		u8	0	0	0
Fan speed (EB100)	MODBUS_INPUT_REGISTER	936	1	rpm	u16	0	0	0
Max fan speed (EB100)	MODBUS_INPUT_REGISTER	937	1	rpm	u16	0	0	0
Min fan speed (EB100)	MODBUS_INPUT_REGISTER	938	1	rpm	u16	0	0	0
Max compressor speed (EB100)	MODBUS_INPUT_REGISTER	939	10	Hz	u16	0	0	0
Min compressor speed (EB100)	MODBUS_INPUT_REGISTER	940	10	Hz	u16	0	0	0
Generated power heating (EB100)	MODBUS_INPUT_REGISTER	941	10	kW	u16	0	0	0
Time to defrosting (EB100)	MODBUS_INPUT_REGISTER	942	1	min	u16	0	0	0
Defrosting index (EB100)	MODBUS_INPUT_REGISTER	943	1		u16	0	0	0
Superheat reference (EEV)(EB100)	MODBUS_INPUT_REGISTER	944	10	°C	s16	0	0	0
Superheat EEV (EB100)	MODBUS_INPUT_REGISTER	945	10	°C	s16	0	0	0
EEV-ssh-error EB100)	MODBUS_INPUT_REGISTER	946	10	°C	s16	0	0	0
Superheat temp. reference (EEV)(EB100)	MODBUS_INPUT_REGISTER	947	10	°C	s16	0	0	0
Set point value EEV (EB100)	MODBUS_INPUT_REGISTER	948	10	°C	s16	0	0	0
EEV PV (EB100)	MODBUS_INPUT_REGISTER	949	10	°C	s16	0	0	0
EEV-te-error average open (EB100)	MODBUS_INPUT_REGISTER	950	10	°C	s16	0	0	0
Opening degree EEV (EB100)	MODBUS_INPUT_REGISTER	951	1		u16	0	0	0
Superheat reference EVI (EB100)	MODBUS_INPUT_REGISTER	952	10	°C	s16	0	0	0
Superheat EVI (EB100)	MODBUS_INPUT_REGISTER	953	10	°C	s16	0	0	0
EEV-ssh-error (EVI)(EB100)	MODBUS_INPUT_REGISTER	954	10	°C	s16	0	0	0
Superheat temp. reference (EVI)(EB100)	MODBUS_INPUT_REGISTER	955	10	°C	s16	0	0	0
Set point value EVI (EB100)	MODBUS_INPUT_REGISTER	956	10	°C	s16	0	0	0
EVI PV (EB100)	MODBUS_INPUT_REGISTER	957	10	°C	s16	0	0	0
EEV-te-error average open (EVI)(EB100)	MODBUS_INPUT_REGISTER	958	10	°C	s16	0	0	0
Opening degree EVI EB100)	MODBUS_INPUT_REGISTER	959	1		u16	0	0	0
Wind speed, weather forecast	MODBUS_INPUT_REGISTER	960	10		u16	0	0	0
Humidity, weather forecast	MODBUS_INPUT_REGISTER	961	10	%	u16	0	0	0
Temperature, weather forecast	MODBUS_INPUT_REGISTER	962	10	°C	s16	0	0	0
Temperature, weather data (forecast)	MODBUS_INPUT_REGISTER	963	10	°C	s16	0	0	0
Smart energy source, priority select. in hot water	MODBUS_INPUT_REGISTER	991	1		u8	0	0	0
Outd. air heat pump, inverter, limits	MODBUS_INPUT_REGISTER	992	1		u8	0	0	0
Outd. air heat pump, inverter, speed reducing	MODBUS_INPUT_REGISTER	993	1		u8	0	0	0
Has one phase (EB101)	MODBUS_INPUT_REGISTER	1008	1		u8	0	0	0
Serial index (EB101)	MODBUS_INPUT_REGISTER	1009	1		u8	0	0	0
Serial index (EB100)	MODBUS_INPUT_REGISTER	1011	1		u8	0	0	0
Alarm incompatible (heat pump)	MODBUS_INPUT_REGISTER	1012	1		u16	0	0	0
Limit DM	MODBUS_HOLDING_REGISTER	18	10	DM	s16	-30000	30000	0
Calculated supply climate system 2	MODBUS_INPUT_REGISTER	1016	10	°C	s16	0	0	0
Calculated supply climate system 1	MODBUS_INPUT_REGISTER	1017	10	°C	s16	0	0	0
Class 1 alarm	MODBUS_INPUT_REGISTER	2195	1		u8	0	0	0
Frost protection status	MODBUS_INPUT_REGISTER	1018	1		u16	0	0	0
Cooling status	MODBUS_INPUT_REGISTER	1019	1		u8	0	0	0
Total run time additional heat	MODBUS_INPUT_REGISTER	1025	10	h	s32	0	1000000	0
Power internal additional heat	MODBUS_INPUT_REGISTER	1027	100	kW	s16	0	0	0
Priority	MODBUS_INPUT_REGISTER	1028	1		u8	0	0	0
Operating mode internal add. heat	MODBUS_INPUT_REGISTER	1029	1		u8	0	0	0
Oper. mode shunt climate system 4	MODBUS_INPUT_REGISTER	1030	1		u8	0	0	0
Oper. mode shunt climate system 3	MODBUS_INPUT_REGISTER	1031	1		u8	0	0	0
Oper. mode shunt climate system 2	MODBUS_INPUT_REGISTER	1032	1		u8	0	0	0
Oper. mode shunt climate system 1	MODBUS_INPUT_REGISTER	1033	1		u8	0	0	0
Fan mode 1	MODBUS_INPUT_REGISTER	1037	1	%	u8	0	0	0
Current hot water mode	MODBUS_INPUT_REGISTER	1038	1		s8	0	0	0
Blocking cooling	MODBUS_INPUT_REGISTER	1053	1		u8	0	0	0
External adjustment climate system 4	MODBUS_INPUT_REGISTER	1054	1		u8	0	0	0
External adjustment climate system 3	MODBUS_INPUT_REGISTER	1055	1		u8	0	0	0
External adjustment climate system 2	MODBUS_INPUT_REGISTER	1056	1		u8	0	0	0
External adjustment climate system 1	MODBUS_INPUT_REGISTER	1057	1		u8	0	0	0
External blocking	MODBUS_INPUT_REGISTER	1058	1		u8	0	0	0
Step controlled add. heat blocking	MODBUS_INPUT_REGISTER	1062	1		u8	0	0	0
Hot water circulation (GP11)	MODBUS_INPUT_REGISTER	1063	1		u8	0	0	0
Op.time electrical heater for hot water	MODBUS_INPUT_REGISTER	1069	10	h	s32	0	9999999	0
More hot water status	MODBUS_INPUT_REGISTER	1078	1		u8	0	0	0
Holiday function status	MODBUS_HOLDING_REGISTER	19	1		s8	0	0	0
Docked compressors heating	MODBUS_INPUT_REGISTER	1108	1		u8	0	0	0
Docked compressors hot water	MODBUS_INPUT_REGISTER	1109	1		u8	0	0	0
Docked compressors pool 1	MODBUS_INPUT_REGISTER	1110	1		u8	0	0	0
Diverter valve hot water (QN10)	MODBUS_INPUT_REGISTER	2196	1		u8	0	0	0
Operating mode step controlled additional heat	MODBUS_INPUT_REGISTER	1115	1		u8	0	0	0
Relay status, base board (EB100-EP14)	MODBUS_INPUT_REGISTER	1117	1		u8	0	0	0
Relay status, imm. heat. board (EB100-EP14)	MODBUS_INPUT_REGISTER	1119	1		u16	0	0	0
Current status	MODBUS_INPUT_REGISTER	1120	1		u32	0	0	0
Functionality, heat pump (EP14)	MODBUS_INPUT_REGISTER	1122	1		u32	0	0	0
Active heat pumps	MODBUS_INPUT_REGISTER	1124	1		u16	0	0	0
Functionality, heat pump (EP15)	MODBUS_INPUT_REGISTER	1125	1		u32	0	0	0
External add. heat blocking	MODBUS_INPUT_REGISTER	1127	1		u8	0	0	0
Operating mode HW comfort	MODBUS_INPUT_REGISTER	1129	1		u8	0	0	0
Operating mode HW comfort additional heat	MODBUS_INPUT_REGISTER	1130	1		u8	0	0	0
Blocked	MODBUS_INPUT_REGISTER	1132	1		u8	0	0	0
Pool 1 (QN19)	MODBUS_INPUT_REGISTER	1134	1		u8	0	0	0
Version (EB101)	MODBUS_INPUT_REGISTER	1451	1		u16	0	0	0
Heat pump type (EB101)	MODBUS_INPUT_REGISTER	1452	1		u8	0	0	0
Compressor size (EB101)	MODBUS_INPUT_REGISTER	1453	1		u8	0	0	0
Return line (EB101-BT3)	MODBUS_INPUT_REGISTER	1475	10	°C	s16	0	0	0
Condenser sensor supply line (EB101-BT12)	MODBUS_INPUT_REGISTER	1478	10	°C	s16	0	0	0
Discharge (EB101-BT14)	MODBUS_INPUT_REGISTER	1479	10	°C	s16	0	0	0
Liquid line (EB101-BT15)	MODBUS_INPUT_REGISTER	1480	10	°C	s16	0	0	0
Suction gas (EB101-BT17)	MODBUS_INPUT_REGISTER	1481	10	°C	s16	0	0	0
Compressor status (EB101)	MODBUS_INPUT_REGISTER	1484	1		u8	0	0	0
Compressor, time to start (EB101-EP14)	MODBUS_INPUT_REGISTER	1485	1	min	u8	0	0	0
Compressor, number of starts (EB101-EP14)	MODBUS_INPUT_REGISTER	1489	1		u32	0	2147483647	0
Compressor, oper. time, total (EB101-EP14)	MODBUS_INPUT_REGISTER	1491	1	h	u32	-2147483648	2147483647	0
Compressor, oper. time, hot water (EB101-EP14)	MODBUS_INPUT_REGISTER	1493	1	h	u32	-2147483648	2147483647	0
Alarm number (EB101-EP14)	MODBUS_INPUT_REGISTER	1495	1		u16	0	0	0
Heat pump type (EB100)	MODBUS_INPUT_REGISTER	1497	1		u8	0	0	0
Compressor size (EB100)	MODBUS_INPUT_REGISTER	1498	1		u8	0	0	0
Compressor, requested (EB102-EP14)	MODBUS_INPUT_REGISTER	1554	1		u8	0	0	0
Compressor, requested (EB101-EP14)	MODBUS_INPUT_REGISTER	1556	1		u8	0	0	0
Cooling blocking	MODBUS_INPUT_REGISTER	1559	1		u8	0	0	0
Date, periodic hot water	MODBUS_INPUT_REGISTER	1561	1		-	-	-	-
Blocked compressors	MODBUS_INPUT_REGISTER	2174	1		u32	0	0	0
Cooling degree minutes	MODBUS_HOLDING_REGISTER	20	10	DM	s16	-30000	30000	0
Cooling pump manual speed	MODBUS_HOLDING_REGISTER	21	1	%	u8	1	100	70
Outdoor temperature (EB101-BT28)	MODBUS_INPUT_REGISTER	1621	10	°C	s16	0	0	0
Evaporator (EB101-BT16)	MODBUS_INPUT_REGISTER	1622	10	°C	s16	0	0	0
External pump additional heat	MODBUS_INPUT_REGISTER	1627	1		u8	0	0	0
Charge pump speed (EB101-GP12)	MODBUS_INPUT_REGISTER	1636	1	%	u8	0	0	0
Frost protection heat exchanger heat pump 1	MODBUS_INPUT_REGISTER	1638	1		u8	0	0	0
Operating mode extra additional heat	MODBUS_INPUT_REGISTER	1693	1		u8	0	0	0
Docked compressors cooling	MODBUS_INPUT_REGISTER	1694	1		u8	0	0	0
BP4, unprocessed (EB102-EP15)	MODBUS_INPUT_REGISTER	1779	1		s16	0	0	0
Low pressure (EB102-EP15--BP8)	MODBUS_INPUT_REGISTER	1781	10	bar	s16	0	0	0
Prot. status (EB102-EP15)	MODBUS_INPUT_REGISTER	1783	1		u16	0	0	0
Defrosting (EB102-EP15)	MODBUS_INPUT_REGISTER	1784	1		u8	0	0	0
Power (EB102-EP15)	MODBUS_INPUT_REGISTER	1785	1	kW	u8	0	0	0
BP4, unprocessed (EB102-EP14)	MODBUS_INPUT_REGISTER	1786	1		s16	0	0	0
Defrosting (EB102)	MODBUS_INPUT_REGISTER	1791	1		u8	0	0	0
Power (EB102-EP14)	MODBUS_INPUT_REGISTER	1792	1	kW	u8	0	0	0
BP4, unprocessed (EB101-EP14)	MODBUS_INPUT_REGISTER	1800	1		s16	0	0	0
Low pressure (EB101-BP8)	MODBUS_INPUT_REGISTER	1802	10	bar	s16	0	0	0
Current compressor frequency (EB101)	MODBUS_INPUT_REGISTER	1803	10	Hz	s16	0	0	0
Protection mode (EB101)	MODBUS_INPUT_REGISTER	1804	1		u16	0	0	0
Defrosting (EB101)	MODBUS_INPUT_REGISTER	1805	1		u8	0	0	0
Power (EB101-EP14)	MODBUS_INPUT_REGISTER	1806	1	kW	u8	0	0	0
Hot water shunt (QN35)	MODBUS_INPUT_REGISTER	1821	1		u8	0	0	0
Internal charge pump (GP12)	MODBUS_INPUT_REGISTER	1822	1		u8	0	0	0
Climate system 4	MODBUS_INPUT_REGISTER	1823	1		u8	0	0	0
Climate system 3	MODBUS_INPUT_REGISTER	1824	1		u8	0	0	0
Climate system 2	MODBUS_INPUT_REGISTER	1825	1		u8	0	0	0
Climate system 1 (HMP)	MODBUS_INPUT_REGISTER	1826	1		u8	0	0	0
Pool 1 pump status	MODBUS_INPUT_REGISTER	1828	1		u8	0	0	0
Requested compressor frequency (EB101)	MODBUS_INPUT_REGISTER	1854	1	Hz	u8	0	0	0
Low press. sensor, unprocessed (EB101-EP14)	MODBUS_INPUT_REGISTER	1902	1		s16	0	0	0
Current sensor (EB101-EP14)	MODBUS_INPUT_REGISTER	1903	10	A	s16	0	0	0
SG ready, input A	MODBUS_INPUT_REGISTER	1912	1		u8	0	0	0
SG ready, input B	MODBUS_INPUT_REGISTER	1913	1		u8	0	0	0
Hot water comfort mode (SPA)	MODBUS_INPUT_REGISTER	1915	1		s8	0	0	0
Pool offset (SPA)	MODBUS_INPUT_REGISTER	1916	1		s8	0	0	0
Cooling offset (SPA)	MODBUS_INPUT_REGISTER	1917	1		s8	0	0	0
Operating mode (Smart Price Adaption)	MODBUS_INPUT_REGISTER	1918	1		u8	0	0	0
Temperature, inverter (EB101-EP14)	MODBUS_INPUT_REGISTER	1967	10	°C	s16	0	0	0
fan speed (EB101-EP14)	MODBUS_INPUT_REGISTER	1968	1		u8	0	0	0
Evaporator 2 (EB100-EP15-BT16)	MODBUS_INPUT_REGISTER	1969	10	°C	s16	0	0	0
Temperature, inverter (EB100-EP15)	MODBUS_INPUT_REGISTER	1970	10	°C	s16	0	0	0
fan speed (EB100-EP15)	MODBUS_INPUT_REGISTER	1971	1		u8	0	0	0
Evaporator 2 (EB100-EP14-BT16)	MODBUS_INPUT_REGISTER	1972	10	°C	s16	0	0	0
Temperature, inverter (EB100-EP14)	MODBUS_INPUT_REGISTER	1973	10	°C	s16	0	0	0
fan speed (EB100-EP14)	MODBUS_INPUT_REGISTER	1974	1		u8	0	0	0
Alarm number	MODBUS_INPUT_REGISTER	1975	1		s16	0	0	0
Reset alarm	MODBUS_HOLDING_REGISTER	22	1		u8	0	0	0
Non module-specific alarm numbers	MODBUS_INPUT_REGISTER	1976	1		s16	0	0	0
Heating curve climate system 2	MODBUS_HOLDING_REGISTER	25	1		s8	0	15	9
Heating curve climate system 1	MODBUS_HOLDING_REGISTER	26	1		s8	0	15	9
Heating offset climate system 2	MODBUS_HOLDING_REGISTER	29	1		s8	-10	10	0
Heating offset climate system 1	MODBUS_HOLDING_REGISTER	30	1		s8	-10	10	0
Min supply climate system 2	MODBUS_HOLDING_REGISTER	33	10	°C	s16	50	800	200
Min supply climate system 1	MODBUS_HOLDING_REGISTER	34	10	°C	s16	50	800	200
Max supply climate system 2	MODBUS_HOLDING_REGISTER	37	10	°C	s16	50	800	600
Max supply climate system 1	MODBUS_HOLDING_REGISTER	38	10	°C	s16	50	800	600
Own curve, heating P7	MODBUS_HOLDING_REGISTER	39	1	°C	s8	5	80	15
Own curve, heating P6	MODBUS_HOLDING_REGISTER	40	1	°C	s8	5	80	15
Own curve, heating P5	MODBUS_HOLDING_REGISTER	41	1	°C	s8	5	80	26
Own curve, heating P4	MODBUS_HOLDING_REGISTER	42	1	°C	s8	5	80	32
Own curve, heating P3	MODBUS_HOLDING_REGISTER	43	1	°C	s8	5	80	35
Own curve, heating P2	MODBUS_HOLDING_REGISTER	44	1	°C	s8	5	80	40
Own curve, heating P1	MODBUS_HOLDING_REGISTER	45	1	°C	s8	5	80	45
Point offset outdoor temperature	MODBUS_HOLDING_REGISTER	46	1	°C	s8	-40	30	0
Point offset	MODBUS_HOLDING_REGISTER	47	1	°C	s8	-10	10	0
External adjustment climate system 2	MODBUS_HOLDING_REGISTER	50	1		s8	-10	10	0
External adjustment climate system 1	MODBUS_HOLDING_REGISTER	51	1		s8	-10	10	0
External adjustment with room sensor climate system 2	MODBUS_HOLDING_REGISTER	54	10	°C	s16	50	300	200
External adjustment with room sensor climate system 1	MODBUS_HOLDING_REGISTER	55	10	°C	s16	50	300	200
Hot water demand mode	MODBUS_HOLDING_REGISTER	56	1		s8	0	4	1
Start temperature HW high temperature	MODBUS_HOLDING_REGISTER	58	10	°C	s16	50	700	520
Start temperature HW normal temperature	MODBUS_HOLDING_REGISTER	59	10	°C	s16	50	550	470
Start temperature HW low temperature	MODBUS_HOLDING_REGISTER	60	10	°C	s16	50	550	440
Stop temperature HW high temperature	MODBUS_HOLDING_REGISTER	62	10	°C	s16	50	700	600
Stop temperature HW normal temperature	MODBUS_HOLDING_REGISTER	63	10	°C	s16	50	600	550
Stop temperature HW low temperature	MODBUS_HOLDING_REGISTER	64	10	°C	s16	50	600	470
Hot water circulation	MODBUS_HOLDING_REGISTER	2754	1		u8	0	1	0
Operating time	MODBUS_HOLDING_REGISTER	3102	1	min	s8	1	60	60
Downtime	MODBUS_HOLDING_REGISTER	69	1	min	s8	0	60	0
Language	MODBUS_HOLDING_REGISTER	91	1		s8	0	24	0
Period time hot water	MODBUS_HOLDING_REGISTER	92	1	min	u8	0	180	30
Period time heating	MODBUS_HOLDING_REGISTER	93	1	min	u8	0	180	30
Operating mode	MODBUS_HOLDING_REGISTER	2743	1		u8	0	2	0
Operating mode heating medium pump	MODBUS_HOLDING_REGISTER	95	1		u8	10	40	40
Activate forced control	MODBUS_HOLDING_REGISTER	5000	1		u8	0	0	0
Max. internal additional heat	MODBUS_HOLDING_REGISTER	102	100	kW	s16	0	4500	900
Fuse	MODBUS_HOLDING_REGISTER	103	1	A	u16	1	400	16
Phase Order L3	MODBUS_HOLDING_REGISTER	2747	1		u8	1	128	4
Phase Order L2	MODBUS_HOLDING_REGISTER	2746	1		u8	1	128	2
Phase Order L1	MODBUS_HOLDING_REGISTER	2745	1		u8	1	128	1
Floor drying	MODBUS_HOLDING_REGISTER	120	1		u8	0	1	0
Floor drying period 7	MODBUS_HOLDING_REGISTER	121	1	days	u8	0	30	2
Floor drying period 6	MODBUS_HOLDING_REGISTER	122	1	days	u8	0	30	2
Floor drying period 5	MODBUS_HOLDING_REGISTER	123	1	days	u8	0	30	2
Floor drying period 4	MODBUS_HOLDING_REGISTER	124	1	days	u8	0	30	3
Floor drying period 3	MODBUS_HOLDING_REGISTER	125	1	days	u8	0	30	2
Floor drying period 2	MODBUS_HOLDING_REGISTER	126	1	days	u8	0	30	2
Floor drying period 1	MODBUS_HOLDING_REGISTER	127	1	days	u8	0	30	2
Floor drying temp. 7	MODBUS_HOLDING_REGISTER	128	1	°C	u8	15	70	20
Floor drying temp. 6	MODBUS_HOLDING_REGISTER	129	1	°C	u8	15	70	30
Floor drying temp. 5	MODBUS_HOLDING_REGISTER	130	1	°C	u8	15	70	40
Floor drying temp. 4	MODBUS_HOLDING_REGISTER	131	1	°C	u8	15	70	45
Floor drying temp. 3	MODBUS_HOLDING_REGISTER	132	1	°C	u8	15	70	40
Floor drying temp. 2	MODBUS_HOLDING_REGISTER	133	1	°C	u8	15	70	30
Floor drying temp. 1	MODBUS_HOLDING_REGISTER	134	1	°C	u8	15	70	20
Floor drying ongoing time.	MODBUS_INPUT_REGISTER	1977	1		u16	0	10000	0
Dimensioned outdoor temperature	MODBUS_HOLDING_REGISTER	140	10	°C	s16	-400	200	-180
Delta T for DOT	MODBUS_HOLDING_REGISTER	141	10	°C	s16	10	250	100
Climate system 2	MODBUS_HOLDING_REGISTER	142	1		u8	0	1	0
Climate system 3	MODBUS_HOLDING_REGISTER	143	1		u8	0	1	0
Climate system 4	MODBUS_HOLDING_REGISTER	144	1		u8	0	1	0
Climate system 2 shunt amplification	MODBUS_HOLDING_REGISTER	147	10		s8	1	100	10
Climate system 2 shunt wait time	MODBUS_HOLDING_REGISTER	150	1	s	s16	10	300	30
Shunt controlled additional heat	MODBUS_HOLDING_REGISTER	153	1		u8	0	1	0
Wait time shunt, shunt controlled additional heat	MODBUS_HOLDING_REGISTER	157	1	s	s16	10	300	30
Step controlled additional heat accessory	MODBUS_HOLDING_REGISTER	158	1		u8	0	1	0
Waiting time cooling/heating	MODBUS_HOLDING_REGISTER	165	1	h	s8	0	48	2
Heating start at under temp.	MODBUS_HOLDING_REGISTER	166	10	°C	s8	5	100	10
Cooling start at over temp.	MODBUS_HOLDING_REGISTER	167	10	°C	s8	5	100	30
Cooling shunt waiting time	MODBUS_HOLDING_REGISTER	169	1	s	s16	10	300	30
Cooling with room sensors	MODBUS_HOLDING_REGISTER	170	10		u8	0	41	0
Start active cooling DM	MODBUS_HOLDING_REGISTER	173	1	DM	s16	10	300	30
Permit additional heat, heating	MODBUS_HOLDING_REGISTER	180	1		u8	0	1	1
Permit heating	MODBUS_HOLDING_REGISTER	181	1		u8	0	1	1
Permit cooling	MODBUS_HOLDING_REGISTER	182	1		u8	0	1	1
Auto mode, stop temperature for heating	MODBUS_HOLDING_REGISTER	184	10	°C	s16	-200	400	170
Auto mode, additional heat stop temperature	MODBUS_HOLDING_REGISTER	185	10	°C	s16	-250	400	50
Auto mode filter time	MODBUS_HOLDING_REGISTER	186	1	h	u8	0	48	24
Max difference supply, compressor	MODBUS_HOLDING_REGISTER	187	10	°C	s16	10	250	100
Max difference supply, additional heat	MODBUS_HOLDING_REGISTER	188	10	°C	s16	10	240	70
Time format	MODBUS_HOLDING_REGISTER	194	1		u8	0	1	1
Alarm action, lower room temperature	MODBUS_HOLDING_REGISTER	196	1		u8	0	1	0
Alarm action lower HW temperature	MODBUS_HOLDING_REGISTER	197	1		u8	0	1	1
Auxiliary operation on alarm	MODBUS_HOLDING_REGISTER	198	1		u8	0	0	0
Use room sensor climate system 4	MODBUS_HOLDING_REGISTER	199	1		u8	0	1	0
Use room sensor climate system 3	MODBUS_HOLDING_REGISTER	200	1		u8	0	1	0
Use room sensor climate system 2	MODBUS_HOLDING_REGISTER	201	1		u8	0	1	0
Use room sensor climate system 1	MODBUS_HOLDING_REGISTER	202	1		u8	0	1	0
Room sensor set point value climate system 4	MODBUS_HOLDING_REGISTER	203	10	°C	s16	50	300	200
Room sensor set point value climate system 3	MODBUS_HOLDING_REGISTER	204	10	°C	s16	50	300	200
Room sensor set point value climate system 2	MODBUS_HOLDING_REGISTER	205	10	°C	s16	50	300	200
Room sensor set point value climate system 1	MODBUS_HOLDING_REGISTER	206	10	°C	s16	50	300	200
Room sensor factor climate system 4	MODBUS_HOLDING_REGISTER	207	10		u8	0	60	20
Room sensor factor climate system 3	MODBUS_HOLDING_REGISTER	208	10		u8	0	60	20
Room sensor factor climate system 2	MODBUS_HOLDING_REGISTER	209	10		u8	0	60	20
Room sensor factor climate system 1	MODBUS_HOLDING_REGISTER	210	10		u8	0	60	20
Input AUX5	MODBUS_HOLDING_REGISTER	211	1		u8	0	69	0
Input AUX4	MODBUS_HOLDING_REGISTER	212	1		u8	0	69	0
Input AUX3	MODBUS_HOLDING_REGISTER	213	1		u8	0	69	0
Input AUX2	MODBUS_HOLDING_REGISTER	214	1		u8	0	69	0
Input AUX1	MODBUS_HOLDING_REGISTER	215	1		u8	0	69	0
Output AUX1	MODBUS_HOLDING_REGISTER	216	1		u8	0	30	0
Speed of circulation pump for hot water	MODBUS_HOLDING_REGISTER	217	1	%	u8	1	100	70
Speed of circulation pump for heating	MODBUS_HOLDING_REGISTER	218	1	%	u8	1	100	70
Speed, heating medium pump for pool	MODBUS_HOLDING_REGISTER	219	1	%	u8	1	100	70
Speed heating medium pump waiting mode	MODBUS_HOLDING_REGISTER	220	1	%	u8	1	100	30
Speed of circulation pump passive cooling (EP14)	MODBUS_HOLDING_REGISTER	221	1	%	u8	1	100	70
Preset flow setting for climate system	MODBUS_HOLDING_REGISTER	223	1		u8	0	3	1
More hot water (Number of minutes)	MODBUS_HOLDING_REGISTER	225	1		u16	0	0	0
Oper. mode	MODBUS_HOLDING_REGISTER	237	1		u8	0	0	0
External additional heat step controlled	MODBUS_HOLDING_REGISTER	240	1		u8	0	1	0
External additional heat min. run time	MODBUS_HOLDING_REGISTER	241	1		u8	0	48	12
Cooling heat sensor set point value	MODBUS_HOLDING_REGISTER	681	10		s16	50	400	210
Solar heating of pool active	MODBUS_INPUT_REGISTER	1980	1		u8	0	0	0
Heating medium pump manual speed	MODBUS_HOLDING_REGISTER	682	1	%	s8	1	100	70
Pool 1 accessory	MODBUS_HOLDING_REGISTER	685	1		u8	0	1	0
Hot water comfort	MODBUS_HOLDING_REGISTER	694	1		u8	0	1	0
Manual heating medium pump speed	MODBUS_HOLDING_REGISTER	695	1	%	s8	0	1	0
More hot water	MODBUS_HOLDING_REGISTER	697	1		s8	0	0	0
Start diff. DM, step-controlled add. heat	MODBUS_HOLDING_REGISTER	703	1	DM	s16	0	2000	400
HW comfort shunt on/off	MODBUS_HOLDING_REGISTER	705	1		u8	0	1	0
External cooling accessory	MODBUS_HOLDING_REGISTER	709	1		u8	0	1	0
HW comfort additional heat	MODBUS_HOLDING_REGISTER	710	1		u8	0	1	0
Cooling connected, climate system 1	MODBUS_HOLDING_REGISTER	726	1		u8	0	1	1
Cooling delta temp. 20°C	MODBUS_HOLDING_REGISTER	738	1	°C	s8	3	10	3
Cooling delta temp. 40°C	MODBUS_HOLDING_REGISTER	739	1	°C	s8	3	20	6
Op. mode charge pump (EB102)	MODBUS_HOLDING_REGISTER	747	1		u8	0	1	0
Op. mode charge pump (EB101)	MODBUS_HOLDING_REGISTER	748	1		u8	0	1	0
Shunted brine, accessory	MODBUS_HOLDING_REGISTER	5268	1		u8	0	1	0
Shunted brine max. temp.	MODBUS_HOLDING_REGISTER	5271	1	°C	u8	0	30	20
DM start external additional heat	MODBUS_HOLDING_REGISTER	757	10	DM	s16	50	20000	14000
Additional heat after diverter valve	MODBUS_HOLDING_REGISTER	758	1		u8	0	0	0
Heating (SG Ready)	MODBUS_HOLDING_REGISTER	760	1		u8	0	1	1
Input AUX6	MODBUS_HOLDING_REGISTER	767	1		u8	0	69	0
Operating mode circulation pump heating heat pump 2	MODBUS_HOLDING_REGISTER	782	1		u8	0	1	1
Operating mode circulation pump heating heat pump 1	MODBUS_HOLDING_REGISTER	783	1		u8	0	1	1
Operating mode circulation pump hot water heat pump 2	MODBUS_HOLDING_REGISTER	798	1		u8	0	1	1
Operating mode circulation pump hot water heat pump 1	MODBUS_HOLDING_REGISTER	799	1		u8	0	1	1
Speed circulation pump waiting mode heat pump 2	MODBUS_HOLDING_REGISTER	840	1	%	u8	1	100	30
Speed circulation pump waiting mode heat pump 1	MODBUS_HOLDING_REGISTER	841	1	%	u8	1	100	30
Speed, circulation pump, standby mode (EB100)	MODBUS_HOLDING_REGISTER	842	1	%	u8	1	100	30
Activated (Smart Price Adaption)	MODBUS_HOLDING_REGISTER	843	1		u8	0	1	0
(SPA), heating activated (SPA)	MODBUS_HOLDING_REGISTER	844	1		u8	0	3	1
(SPA), heating influence	MODBUS_HOLDING_REGISTER	845	1		s8	1	10	5
(SPA), hot water activated	MODBUS_HOLDING_REGISTER	846	1		u8	0	4	0
(SPA), pool influence	MODBUS_HOLDING_REGISTER	848	1		s8	0	10	2
(SPA), cooling activated	MODBUS_HOLDING_REGISTER	849	1		u8	0	1	1
(SPA), cooling influence	MODBUS_HOLDING_REGISTER	850	1		s8	0	10	2
(SPA), area	MODBUS_HOLDING_REGISTER	851	1		u8	0	255	255
Automatic speed heating medium pump, hot water	MODBUS_HOLDING_REGISTER	852	1	%	s8	0	1	1
Automatic speed heating medium pump, heating	MODBUS_HOLDING_REGISTER	853	1	%	s8	0	1	1
Automatic speed heating medium pump, pool	MODBUS_HOLDING_REGISTER	854	1	%	s8	0	1	1
Maximum speed of circulation pump for heating	MODBUS_HOLDING_REGISTER	858	1	%	u8	50	100	100
Max. speed controlled charge pump (EB102)	MODBUS_HOLDING_REGISTER	866	1	%	u8	80	100	100
Max. speed controlled charge pump (EB101)	MODBUS_HOLDING_REGISTER	867	1	%	u8	80	100	100
External adjustment climate system 8	MODBUS_HOLDING_REGISTER	893	1		s8	-10	10	0
External adjustment climate system 7	MODBUS_HOLDING_REGISTER	894	1		s8	-10	10	0
External adjustment climate system 6	MODBUS_HOLDING_REGISTER	895	1		s8	-10	10	0
External adjustment climate system 5	MODBUS_HOLDING_REGISTER	896	1		s8	-10	10	0
External adjustment with room sensor climate system 8	MODBUS_HOLDING_REGISTER	897	10	°C	s16	50	300	200
External adjustment with room sensor climate system 7	MODBUS_HOLDING_REGISTER	898	10	°C	s16	50	300	200
External adjustment with room sensor climate system 6	MODBUS_HOLDING_REGISTER	899	10	°C	s16	50	300	200
External adjustment with room sensor climate system 5	MODBUS_HOLDING_REGISTER	900	10	°C	s16	50	300	200
Climate system 5	MODBUS_HOLDING_REGISTER	905	1		u8	0	1	0
Climate system 6	MODBUS_HOLDING_REGISTER	906	1		u8	0	1	0
Climate system 7	MODBUS_HOLDING_REGISTER	907	1		u8	0	1	0
Climate system 8	MODBUS_HOLDING_REGISTER	908	1		u8	0	1	0
Heating connected, climate system 1	MODBUS_HOLDING_REGISTER	932	1		u8	0	1	1
ERS 1	MODBUS_HOLDING_REGISTER	933	1		u8	0	1	0
blockFreq 2 (EB101)	MODBUS_HOLDING_REGISTER	5295	1		u8	0	1	0
blockFreq 1 (EB101)	MODBUS_HOLDING_REGISTER	5296	1		u8	0	1	0
Use room sensor climate system 8	MODBUS_HOLDING_REGISTER	948	1		u8	0	1	0
Use room sensor climate system 7	MODBUS_HOLDING_REGISTER	949	1		u8	0	1	0
Use room sensor climate system 6	MODBUS_HOLDING_REGISTER	950	1		u8	0	1	0
Use room sensor climate system 5	MODBUS_HOLDING_REGISTER	951	1		u8	0	1	0
Room sensor set point value climate system 8	MODBUS_HOLDING_REGISTER	952	10	°C	s16	50	300	200
Room sensor set point value climate system 7	MODBUS_HOLDING_REGISTER	953	10	°C	s16	50	300	200
Room sensor set point value climate system 6	MODBUS_HOLDING_REGISTER	954	10	°C	s16	50	300	200
Room sensor set point value climate system 5	MODBUS_HOLDING_REGISTER	955	10	°C	s16	50	300	200
Room sensor factor climate system 8	MODBUS_HOLDING_REGISTER	956	10		u8	0	60	20
Room sensor factor climate system 7	MODBUS_HOLDING_REGISTER	957	10		u8	0	60	20
Room sensor factor climate system 6	MODBUS_HOLDING_REGISTER	958	10		u8	0	60	20
Room sensor factor climate system 5	MODBUS_HOLDING_REGISTER	959	10		u8	0	60	20
Current transformer ratio	MODBUS_HOLDING_REGISTER	980	1		u16	300	3000	300
Room sensor set point value climate system 8, cooling	MODBUS_HOLDING_REGISTER	981	10	°C	s16	50	350	250
Room sensor set point value climate system 7, cooling	MODBUS_HOLDING_REGISTER	982	10	°C	s16	50	350	250
Room sensor set point value climate system 6, cooling	MODBUS_HOLDING_REGISTER	983	10	°C	s16	50	350	250
Room sensor set point value climate system 5, cooling	MODBUS_HOLDING_REGISTER	984	10	°C	s16	50	350	250
Room sensor set point value climate system 4, cooling	MODBUS_HOLDING_REGISTER	985	10	°C	s16	50	350	250
Room sensor set point value climate system 3, cooling	MODBUS_HOLDING_REGISTER	986	10	°C	s16	50	350	250
Room sensor set point value climate system 2, cooling	MODBUS_HOLDING_REGISTER	987	10	°C	s16	50	350	250
Room sensor set point value climate system 1, cooling	MODBUS_HOLDING_REGISTER	988	10	°C	s16	50	350	250
Room sensor factor climate system 8, cooling	MODBUS_HOLDING_REGISTER	989	10		u8	0	60	10
Room sensor factor climate system 7, cooling	MODBUS_HOLDING_REGISTER	990	10		u8	0	60	10
Room sensor factor climate system 6, cooling	MODBUS_HOLDING_REGISTER	991	10		u8	0	60	10
Room sensor factor climate system 5, cooling	MODBUS_HOLDING_REGISTER	992	10		u8	0	60	10
Room sensor factor climate system 4, cooling	MODBUS_HOLDING_REGISTER	993	10		u8	0	60	10
Room sensor factor climate system 3, cooling	MODBUS_HOLDING_REGISTER	994	10		u8	0	60	10
Room sensor factor climate system 2, cooling	MODBUS_HOLDING_REGISTER	995	10		u8	0	60	10
Room sensor factor climate system 1, cooling	MODBUS_HOLDING_REGISTER	996	10		u8	0	60	10
Set point value (RH)	MODBUS_HOLDING_REGISTER	997	1	%	s8	30	90	60
HTS 1	MODBUS_HOLDING_REGISTER	998	1		u8	0	1	0
Exhaust air fan speed 4 (ERS 1)	MODBUS_HOLDING_REGISTER	1021	1	%	u8	0	100	100
Exhaust air fan speed 3 (ERS 1)	MODBUS_HOLDING_REGISTER	1022	1	%	u8	0	100	80
Exhaust air fan speed 2 (ERS 1)	MODBUS_HOLDING_REGISTER	1023	1	%	u8	0	100	30
Exhaust air fan speed 1 (ERS 1)	MODBUS_HOLDING_REGISTER	1024	1	%	u8	0	100	0
Exhaust air fan speed normal (ERS 1)	MODBUS_HOLDING_REGISTER	1025	1	%	u8	1	100	75
S135	MODBUS_HOLDING_REGISTER	1035	1		u8	0	1	0
Pump speed (S135)	MODBUS_HOLDING_REGISTER	1036	1	%	u8	1	100	70
Bypass temp. (ERS 1)	MODBUS_HOLDING_REGISTER	1044	1	°C	u8	2	10	4
Pool pump type	MODBUS_HOLDING_REGISTER	1045	1		u8	0	1	1
External cooling accessory pump type	MODBUS_HOLDING_REGISTER	1046	1		u8	0	1	1
Flow sensor activated X22	MODBUS_HOLDING_REGISTER	1049	1		u8	0	1	0
Max. internal additional heat SG Ready	MODBUS_HOLDING_REGISTER	1052	100	kW	s16	0	900	900
PV panel affects heating (EME)	MODBUS_HOLDING_REGISTER	1069	1		u8	0	1	0
PV panel affects hot water (EME)	MODBUS_HOLDING_REGISTER	1070	1		u8	0	1	0
Delay timer EME	MODBUS_HOLDING_REGISTER	1071	1		u16	0	0	0
Outdoor air mixing	MODBUS_HOLDING_REGISTER	1096	1		u8	0	1	0
Smart Energy Source	MODBUS_HOLDING_REGISTER	1105	1		u8	0	1	0
Control method, smart energy source	MODBUS_HOLDING_REGISTER	1106	1		u8	0	1	0
El. price, special, smart energy source	MODBUS_HOLDING_REGISTER	1107	1		u8	0	2	0
El. price, fixed, smart energy source	MODBUS_HOLDING_REGISTER	1108	1		u16	0	10000	100
El. price, smart energy source	MODBUS_HOLDING_REGISTER	1109	1		u8	0	1	0
El. price, fixed, smart energy source	MODBUS_HOLDING_REGISTER	1110	1		u16	0	10000	100
El. price, smart energy source	MODBUS_HOLDING_REGISTER	1111	1		u8	0	3	0
El. price, fixed, smart energy source	MODBUS_HOLDING_REGISTER	1112	1		u16	0	10000	100
El. price, smart energy source	MODBUS_HOLDING_REGISTER	1113	1		u8	0	1	0
El. price, fixed, smart energy source	MODBUS_HOLDING_REGISTER	1114	1		u16	0	10000	100
Prim. factor, smart energy source	MODBUS_HOLDING_REGISTER	1117	10		u8	0	50	25
Prim. factor, shunt add. heat smart energy source	MODBUS_HOLDING_REGISTER	1118	10		u8	0	50	10
Prim. factor, ext. step add. heat smart energy source	MODBUS_HOLDING_REGISTER	1119	10		u8	0	50	10
ext. step add. heat, high tariff price smart energy source	MODBUS_HOLDING_REGISTER	1123	1		u16	1	10000	100
ext. step add. heat, low tariff price smart energy source	MODBUS_HOLDING_REGISTER	1124	1		u16	1	10000	100
Shunt add. heat, high tariff price smart energy source	MODBUS_HOLDING_REGISTER	1125	1		u16	1	10000	100
Shunt add. heat, low tariff price smart energy source	MODBUS_HOLDING_REGISTER	1126	1		u16	1	10000	100
El. price, fixed, high tariff smart energy source	MODBUS_HOLDING_REGISTER	1127	1		u16	1	10000	100
El. price, fixed, low tariff smart energy source	MODBUS_HOLDING_REGISTER	1128	1		u16	1	10000	100
El. price, variable, high tariff smart energy source	MODBUS_HOLDING_REGISTER	1129	1		u16	1	10000	100
El. price, variable, low tariff smart energy source	MODBUS_HOLDING_REGISTER	1130	1		u16	1	10000	100
DM start source, priority 5 smart energy source	MODBUS_HOLDING_REGISTER	1131	1		s16	100	2000	400
DM start source, priority 4 smart energy source	MODBUS_HOLDING_REGISTER	1132	1		s16	100	2000	400
DM start source, priority 3 smart energy source	MODBUS_HOLDING_REGISTER	1133	1		s16	100	2000	400
DM start source, priority 2 smart energy source	MODBUS_HOLDING_REGISTER	1134	1		s16	100	2000	400
DM start source, priority 1 smart energy source	MODBUS_HOLDING_REGISTER	1135	1		s16	-2000	-10	-60
Start day, tariff smart energy source	MODBUS_HOLDING_REGISTER	1136	1		u8	1	31	1
End day, tariff smart energy source	MODBUS_HOLDING_REGISTER	1137	1		u8	1	31	31
Start month, tariff smart energy source	MODBUS_HOLDING_REGISTER	1138	1		u8	1	12	1
End month, tariff smart energy source	MODBUS_HOLDING_REGISTER	1139	1		u8	1	12	12
Start day, fixed tariff smart energy source	MODBUS_HOLDING_REGISTER	1172	1		u8	1	31	1
End day, fixed tariff smart energy source	MODBUS_HOLDING_REGISTER	1173	1		u8	1	31	31
Start month, fixed tariff smart energy source	MODBUS_HOLDING_REGISTER	1174	1		u8	1	12	1
End month, fixed tariff smart energy source	MODBUS_HOLDING_REGISTER	1175	1		u8	1	12	12
Start day tariff, shunt additional heat smart energy source	MODBUS_HOLDING_REGISTER	1244	1		u8	1	31	1
End day tariff, shunt additional heat  smart energy source	MODBUS_HOLDING_REGISTER	1245	1		u8	1	31	31
Start month tariff, shunt additional heat smart energy source	MODBUS_HOLDING_REGISTER	1246	1		u8	1	12	1
End month tariff, shunt additional heat smart energy source	MODBUS_HOLDING_REGISTER	1247	1		u8	1	12	12
Start day tariff, ext. step add. heat smart energy source	MODBUS_HOLDING_REGISTER	1280	1		u8	1	31	1
End day tariff, ext. step add. heat  smart energy source	MODBUS_HOLDING_REGISTER	1281	1		u8	1	31	31
Start month tariff, ext. step add. heat smart energy source	MODBUS_HOLDING_REGISTER	1282	1		u8	1	12	1
End month tariff, ext. step add. heat smart energy source	MODBUS_HOLDING_REGISTER	1283	1		u8	1	12	12
Prioritise additional heat (AXC40)	MODBUS_HOLDING_REGISTER	1320	1		u8	0	1	0
Max difference, SES priority 1 energy source	MODBUS_HOLDING_REGISTER	1326	10	°C	s16	10	250	100
Max difference, SES lower priority energy source	MODBUS_HOLDING_REGISTER	1327	10	°C	s16	10	250	70
Installed (EB101)	MODBUS_HOLDING_REGISTER	1550	1		u8	0	1	1
EME20	MODBUS_HOLDING_REGISTER	4000	1		u8	0	1	0
Current power	MODBUS_INPUT_REGISTER	2176	1	W	u32	0	0	0
Total average power (Solar PV)	MODBUS_INPUT_REGISTER	2178	100	kW	u32	0	0	0
Total energy	MODBUS_INPUT_REGISTER	2180	10	kWh	s32	0	0	0
Mode, energy meter (BE6)	MODBUS_HOLDING_REGISTER	4015	1		u8	0	255	255
Mode, energy meter (BE7)	MODBUS_HOLDING_REGISTER	4016	1		u8	0	255	255
ERS 2	MODBUS_HOLDING_REGISTER	4076	1		u8	0	1	0
ERS 3	MODBUS_HOLDING_REGISTER	4077	1		u8	0	1	0
ERS 4	MODBUS_HOLDING_REGISTER	4078	1		u8	0	1	0
Mode, energy meter (BE11)	MODBUS_HOLDING_REGISTER	4127	1		u8	0	255	255
External addition steps active	MODBUS_INPUT_REGISTER	2454	1		u8	0	0	0
HTS 2	MODBUS_HOLDING_REGISTER	1981	1		u8	0	1	0
HTS 3	MODBUS_HOLDING_REGISTER	1982	1		u8	0	1	0
HTS 4	MODBUS_HOLDING_REGISTER	1983	1		u8	0	1	0
External adjustment, cooling climate system 8	MODBUS_HOLDING_REGISTER	4138	1		s8	-10	10	0
External adjustment, cooling climate system 7	MODBUS_HOLDING_REGISTER	4139	1		s8	-10	10	0
External adjustment, cooling climate system 6	MODBUS_HOLDING_REGISTER	4140	1		s8	-10	10	0
External adjustment, cooling climate system 5	MODBUS_HOLDING_REGISTER	4141	1		s8	-10	10	0
External adjustment, cooling climate system 4	MODBUS_HOLDING_REGISTER	4142	1		s8	-10	10	0
External adjustment, cooling climate system 3	MODBUS_HOLDING_REGISTER	4143	1		s8	-10	10	0
External adjustment, cooling climate system 2	MODBUS_HOLDING_REGISTER	4144	1		s8	-10	10	0
External adjustment, cooling climate system 1	MODBUS_HOLDING_REGISTER	4145	1		s8	-10	10	0
External adjustment with room sensor, cooling climate system 8	MODBUS_HOLDING_REGISTER	4146	10	°C	s16	50	300	200
External adjustment with room sensor, cooling climate system 7	MODBUS_HOLDING_REGISTER	4147	10	°C	s16	50	300	200
External adjustment with room sensor, cooling climate system 6	MODBUS_HOLDING_REGISTER	4148	10	°C	s16	50	300	200
External adjustment with room sensor, cooling climate system 5	MODBUS_HOLDING_REGISTER	4149	10	°C	s16	50	300	200
External adjustment with room sensor, cooling climate system 4	MODBUS_HOLDING_REGISTER	4150	10	°C	s16	50	300	200
External adjustment with room sensor, cooling climate system 3	MODBUS_HOLDING_REGISTER	4151	10	°C	s16	50	300	200
External adjustment with room sensor, cooling climate system 2	MODBUS_HOLDING_REGISTER	4152	10	°C	s16	50	300	200
External adjustment with room sensor, cooling climate system 1	MODBUS_HOLDING_REGISTER	4153	10	°C	s16	50	300	200
blockFreq 1 (EB102)	MODBUS_HOLDING_REGISTER	4164	1		u8	0	1	0
blockFreq 1 (EB103)	MODBUS_HOLDING_REGISTER	4165	1		u8	0	1	0
blockFreq 1 (EB104)	MODBUS_HOLDING_REGISTER	4166	1		u8	0	1	0
blockFreq 1 (EB105)	MODBUS_HOLDING_REGISTER	4167	1		u8	0	1	0
blockFreq 1 (EB106)	MODBUS_HOLDING_REGISTER	4168	1		u8	0	1	0
blockFreq 1 (EB107)	MODBUS_HOLDING_REGISTER	4169	1		u8	0	1	0
blockFreq 1 (EB108)	MODBUS_HOLDING_REGISTER	4170	1		u8	0	1	0
Power at DOT, manual value	MODBUS_HOLDING_REGISTER	4200	1		u8	0	1	0
Blocking actions (ERS 3)	MODBUS_HOLDING_REGISTER	4100	1		u8	0	2	2
Blocking actions (ERS 4)	MODBUS_HOLDING_REGISTER	4101	1		u8	0	2	2
Night cooling diff	MODBUS_HOLDING_REGISTER	2943	1	°C	u8	3	10	6
Start time HWC period 1	MODBUS_HOLDING_REGISTER	5409	1		-	-	-	-
Start time HWC period 2	MODBUS_HOLDING_REGISTER	5413	1		-	-	-	-
Start time HWC period 3	MODBUS_HOLDING_REGISTER	5417	1		-	-	-	-
Stop time HWC period 1	MODBUS_HOLDING_REGISTER	5421	1		-	-	-	-
Stop time HWC period 2	MODBUS_HOLDING_REGISTER	5425	1		-	-	-	-
Stop time HWC period 3	MODBUS_HOLDING_REGISTER	5429	1		-	-	-	-
Minimum permitted speed (EB101 GP12)	MODBUS_HOLDING_REGISTER	5352	1	%	u8	1	50	1
Minimum permitted speed (EB102 GP12)	MODBUS_HOLDING_REGISTER	5353	1	%	u8	1	50	1
Start fan de-icing (EB101)	MODBUS_HOLDING_REGISTER	5360	1		s8	0	1	0
Defrost Requested EB101	MODBUS_HOLDING_REGISTER	5368	1		s8	0	1	0
System 1 (RMU)	MODBUS_HOLDING_REGISTER	176	1		u8	0	1	0
System 2 (RMU)	MODBUS_HOLDING_REGISTER	177	1		u8	0	1	0
System 3 (RMU)	MODBUS_HOLDING_REGISTER	178	1		u8	0	1	0
System 4 (RMU)	MODBUS_HOLDING_REGISTER	179	1		u8	0	1	0
System 4 (RMU)	MODBUS_HOLDING_REGISTER	1998	1		u8	0	1	0
System 4 (RMU)	MODBUS_HOLDING_REGISTER	1999	1		u8	0	1	0
System 4 (RMU)	MODBUS_HOLDING_REGISTER	2000	1		u8	0	1	0
System 4 (RMU)	MODBUS_HOLDING_REGISTER	2001	1		u8	0	1	0
Away mode status	MODBUS_HOLDING_REGISTER	5390	1		u8	0	0	0
The start guide has been run	MODBUS_HOLDING_REGISTER	2742	1		u8	0	1	1
Audio signal on alarm	MODBUS_HOLDING_REGISTER	5326	1		u8	0	1	1
Sound when pressing button	MODBUS_HOLDING_REGISTER	5327	1		u8	0	1	1
BT12 offset, heat pump 1	MODBUS_HOLDING_REGISTER	5328	10	°C	s8	-50	50	0
Heating, auto	MODBUS_HOLDING_REGISTER	3059	1		u8	0	1	1
Activate SG Ready via API	MODBUS_HOLDING_REGISTER	3032	1		u8	0	1	0
Factor	MODBUS_HOLDING_REGISTER	3033	1		u8	1	10	5
Hot water start (BT5)	MODBUS_INPUT_REGISTER	2014	10	°C	s16	0	0	0
Period	MODBUS_HOLDING_REGISTER	3088	1		u8	0	1	0
Number of years	MODBUS_HOLDING_REGISTER	3089	1		u8	1	10	1
Months	MODBUS_HOLDING_REGISTER	3090	1		u32	0	4095	4095
Show outdoor temperature	MODBUS_HOLDING_REGISTER	3096	1		u8	0	0	0
Show indoor temperature	MODBUS_HOLDING_REGISTER	3097	1		u8	0	0	0
Active days	MODBUS_HOLDING_REGISTER	3066	1		u8	0	127	0
Active days	MODBUS_HOLDING_REGISTER	3067	1		u8	0	127	0
Active days	MODBUS_HOLDING_REGISTER	3068	1		u8	0	127	0
Active days	MODBUS_HOLDING_REGISTER	3069	1		u8	0	127	0
Active days	MODBUS_HOLDING_REGISTER	3070	1		u8	0	127	0
Start time	MODBUS_HOLDING_REGISTER	5393	1		-	-	-	-
Start time	MODBUS_HOLDING_REGISTER	5397	1		-	-	-	-
Stop time	MODBUS_HOLDING_REGISTER	5401	1		-	-	-	-
Offset cooling (Solar PV)	MODBUS_HOLDING_REGISTER	2667	1		s8	-10	0	-1
Offset heating (Solar PV)	MODBUS_HOLDING_REGISTER	2668	1		u8	0	10	1
Offset pool (Solar PV)	MODBUS_HOLDING_REGISTER	2669	1	°C	u8	0	10	10
Cooling (Solar PV)	MODBUS_HOLDING_REGISTER	2666	1		u8	0	1	0
AUX (Solar PV)	MODBUS_HOLDING_REGISTER	2675	1		u8	0	1	0
Temperature overcharging pool	MODBUS_HOLDING_REGISTER	0	1	°C	u8	1	50	1
Modbus TCP/IP Ext. (Solar PV)	MODBUS_HOLDING_REGISTER	2107	1		u8	0	1	0
Modbus TCP/IP Ext.Include own consumption (Solar PV)	MODBUS_HOLDING_REGISTER	2108	1		u8	0	1	0
Modbus TCP/IP Ext. Available power (Solar PV)	MODBUS_HOLDING_REGISTER	2109	1		u16	0	65535	0
External adjustment input, main unit (ECS1)	MODBUS_HOLDING_REGISTER	2111	1		u8	0	1	0
External adjustment input (ECS2)	MODBUS_HOLDING_REGISTER	2112	1		u8	0	1	0
External adjustment input (ECS3)	MODBUS_HOLDING_REGISTER	2113	1		u8	0	1	0
External adjustment input (ECS4)	MODBUS_HOLDING_REGISTER	2114	1		u8	0	1	0
External adjustment input (ECS5)	MODBUS_HOLDING_REGISTER	2115	1		u8	0	1	0
External adjustment input (ECS6)	MODBUS_HOLDING_REGISTER	2116	1		u8	0	1	0
External adjustment input (ECS7)	MODBUS_HOLDING_REGISTER	2117	1		u8	0	1	0
External adjustment input (ECS8)	MODBUS_HOLDING_REGISTER	2118	1		u8	0	1	0
Zone 1 affected by ECS1	MODBUS_HOLDING_REGISTER	2119	1		u8	0	1	0
Zone 2 affected by ECS1	MODBUS_HOLDING_REGISTER	2120	1		u8	0	1	0
Zone 3 affected by ECS1	MODBUS_HOLDING_REGISTER	2121	1		u8	0	1	0
Zone 4 affected by ECS1	MODBUS_HOLDING_REGISTER	2122	1		u8	0	1	0
Zone 5 affected by ECS1	MODBUS_HOLDING_REGISTER	2123	1		u8	0	1	0
Zone 6 affected by ECS1	MODBUS_HOLDING_REGISTER	2124	1		u8	0	1	0
Zone 7 affected by ECS1	MODBUS_HOLDING_REGISTER	2125	1		u8	0	1	0
Zone 8 affected by ECS1	MODBUS_HOLDING_REGISTER	2126	1		u8	0	1	0
Zone 9 affected by ECS1	MODBUS_HOLDING_REGISTER	2127	1		u8	0	1	0
Zone 10 affected by ECS1	MODBUS_HOLDING_REGISTER	2128	1		u8	0	1	0
Zone 11 affected by ECS1	MODBUS_HOLDING_REGISTER	2129	1		u8	0	1	0
Zone 12 affected by ECS1	MODBUS_HOLDING_REGISTER	2130	1		u8	0	1	0
Zone 13 affected by ECS1	MODBUS_HOLDING_REGISTER	2131	1		u8	0	1	0
Zone 14 affected by ECS1	MODBUS_HOLDING_REGISTER	2132	1		u8	0	1	0
Zone 15 affected by ECS1	MODBUS_HOLDING_REGISTER	2133	1		u8	0	1	0
Zone 16 affected by ECS1	MODBUS_HOLDING_REGISTER	2134	1		u8	0	1	0
Zone 17 affected by ECS1	MODBUS_HOLDING_REGISTER	2135	1		u8	0	1	0
Zone 18 affected by ECS1	MODBUS_HOLDING_REGISTER	2136	1		u8	0	1	0
Zone 19 affected by ECS1	MODBUS_HOLDING_REGISTER	2137	1		u8	0	1	0
Zone 20 affected by ECS1	MODBUS_HOLDING_REGISTER	2138	1		u8	0	1	0
Zone 21 affected by ECS1	MODBUS_HOLDING_REGISTER	2139	1		u8	0	1	0
Zone 22 affected by ECS1	MODBUS_HOLDING_REGISTER	2140	1		u8	0	1	0
Zone 23 affected by ECS1	MODBUS_HOLDING_REGISTER	2141	1		u8	0	1	0
Zone 24 affected by ECS1	MODBUS_HOLDING_REGISTER	2142	1		u8	0	1	0
Zone 25 affected by ECS1	MODBUS_HOLDING_REGISTER	2143	1		u8	0	1	0
Zone 26 affected by ECS1	MODBUS_HOLDING_REGISTER	2144	1		u8	0	1	0
Zone 27 affected by ECS1	MODBUS_HOLDING_REGISTER	2145	1		u8	0	1	0
Zone 28 affected by ECS1	MODBUS_HOLDING_REGISTER	2146	1		u8	0	1	0
Zone 29 affected by ECS1	MODBUS_HOLDING_REGISTER	2147	1		u8	0	1	0
Zone 30 affected by ECS1	MODBUS_HOLDING_REGISTER	2148	1		u8	0	1	0
Zone 31 affected by ECS1	MODBUS_HOLDING_REGISTER	2149	1		u8	0	1	0
Zone 32 affected by ECS1	MODBUS_HOLDING_REGISTER	2150	1		u8	0	1	0
Zone 33 affected by ECS1	MODBUS_HOLDING_REGISTER	2151	1		u8	0	1	0
Zone 34 affected by ECS1	MODBUS_HOLDING_REGISTER	2152	1		u8	0	1	0
Zone 35 affected by ECS1	MODBUS_HOLDING_REGISTER	2153	1		u8	0	1	0
Zone 36 affected by ECS1	MODBUS_HOLDING_REGISTER	2154	1		u8	0	1	0
Zone 37 affected by ECS1	MODBUS_HOLDING_REGISTER	2155	1		u8	0	1	0
Zone 38 affected by ECS1	MODBUS_HOLDING_REGISTER	2156	1		u8	0	1	0
Zone 39 affected by ECS1	MODBUS_HOLDING_REGISTER	2157	1		u8	0	1	0
Zone 40 affected by ECS1	MODBUS_HOLDING_REGISTER	2158	1		u8	0	1	0
Zone 1 affected by ECS2	MODBUS_HOLDING_REGISTER	2159	1		u8	0	1	0
Zone 2 affected by ECS2	MODBUS_HOLDING_REGISTER	2160	1		u8	0	1	0
Zone 3 affected by ECS2	MODBUS_HOLDING_REGISTER	2161	1		u8	0	1	0
Zone 4 affected by ECS2	MODBUS_HOLDING_REGISTER	2162	1		u8	0	1	0
Zone 5 affected by ECS2	MODBUS_HOLDING_REGISTER	2163	1		u8	0	1	0
Zone 6 affected by ECS2	MODBUS_HOLDING_REGISTER	2164	1		u8	0	1	0
Zone 7 affected by ECS2	MODBUS_HOLDING_REGISTER	2165	1		u8	0	1	0
Zone 8 affected by ECS2	MODBUS_HOLDING_REGISTER	2166	1		u8	0	1	0
Zone 9 affected by ECS2	MODBUS_HOLDING_REGISTER	2167	1		u8	0	1	0
Zone 10 affected by ECS2	MODBUS_HOLDING_REGISTER	2168	1		u8	0	1	0
Zone 11 affected by ECS2	MODBUS_HOLDING_REGISTER	2169	1		u8	0	1	0
Zone 12 affected by ECS2	MODBUS_HOLDING_REGISTER	2170	1		u8	0	1	0
Zone 13 affected by ECS2	MODBUS_HOLDING_REGISTER	2171	1		u8	0	1	0
Zone 14 affected by ECS2	MODBUS_HOLDING_REGISTER	2172	1		u8	0	1	0
Zone 15 affected by ECS2	MODBUS_HOLDING_REGISTER	2173	1		u8	0	1	0
Zone 16 affected by ECS2	MODBUS_HOLDING_REGISTER	2174	1		u8	0	1	0
Zone 17 affected by ECS2	MODBUS_HOLDING_REGISTER	2175	1		u8	0	1	0
Zone 18 affected by ECS2	MODBUS_HOLDING_REGISTER	2176	1		u8	0	1	0
Zone 19 affected by ECS2	MODBUS_HOLDING_REGISTER	2177	1		u8	0	1	0
Zone 20 affected by ECS2	MODBUS_HOLDING_REGISTER	2178	1		u8	0	1	0
Zone 21 affected by ECS2	MODBUS_HOLDING_REGISTER	2179	1		u8	0	1	0
Zone 22 affected by ECS2	MODBUS_HOLDING_REGISTER	2180	1		u8	0	1	0
Zone 23 affected by ECS2	MODBUS_HOLDING_REGISTER	2181	1		u8	0	1	0
Zone 24 affected by ECS2	MODBUS_HOLDING_REGISTER	2182	1		u8	0	1	0
Zone 25 affected by ECS2	MODBUS_HOLDING_REGISTER	2183	1		u8	0	1	0
Zone 26 affected by ECS2	MODBUS_HOLDING_REGISTER	2184	1		u8	0	1	0
Zone 27 affected by ECS2	MODBUS_HOLDING_REGISTER	2185	1		u8	0	1	0
Zone 28 affected by ECS2	MODBUS_HOLDING_REGISTER	2186	1		u8	0	1	0
Zone 29 affected by ECS2	MODBUS_HOLDING_REGISTER	2187	1		u8	0	1	0
Zone 30 affected by ECS2	MODBUS_HOLDING_REGISTER	2188	1		u8	0	1	0
Zone 31 affected by ECS2	MODBUS_HOLDING_REGISTER	2189	1		u8	0	1	0
Zone 32 affected by ECS2	MODBUS_HOLDING_REGISTER	2190	1		u8	0	1	0
Zone 33 affected by ECS2	MODBUS_HOLDING_REGISTER	2191	1		u8	0	1	0
Zone 34 affected by ECS2	MODBUS_HOLDING_REGISTER	2192	1		u8	0	1	0
Zone 35 affected by ECS2	MODBUS_HOLDING_REGISTER	2193	1		u8	0	1	0
Zone 36 affected by ECS2	MODBUS_HOLDING_REGISTER	2194	1		u8	0	1	0
Zone 37 affected by ECS2	MODBUS_HOLDING_REGISTER	2195	1		u8	0	1	0
Zone 38 affected by ECS2	MODBUS_HOLDING_REGISTER	2196	1		u8	0	1	0
Zone 39 affected by ECS2	MODBUS_HOLDING_REGISTER	2197	1		u8	0	1	0
Zone 40 affected by ECS2	MODBUS_HOLDING_REGISTER	2198	1		u8	0	1	0
Input on ECS1 affects ECS1	MODBUS_HOLDING_REGISTER	2439	1		u8	0	1	0
Input on ECS1 affects ECS2	MODBUS_HOLDING_REGISTER	2440	1		u8	0	1	0
Input on ECS1 affects ECS3	MODBUS_HOLDING_REGISTER	2441	1		u8	0	1	0
Input on ECS1 affects ECS4	MODBUS_HOLDING_REGISTER	2442	1		u8	0	1	0
Input on ECS1 affects ECS5	MODBUS_HOLDING_REGISTER	2443	1		u8	0	1	0
Input on ECS1 affects ECS6	MODBUS_HOLDING_REGISTER	2444	1		u8	0	1	0
Input on ECS1 affects ECS7	MODBUS_HOLDING_REGISTER	2445	1		u8	0	1	0
Input on ECS1 affects ECS8	MODBUS_HOLDING_REGISTER	2446	1		u8	0	1	0
Input on ECS2 affects ECS1	MODBUS_HOLDING_REGISTER	2447	1		u8	0	1	0
Input on ECS2 affects ECS2	MODBUS_HOLDING_REGISTER	2448	1		u8	0	1	0
Input on ECS2 affects ECS3	MODBUS_HOLDING_REGISTER	2449	1		u8	0	1	0
Input on ECS2 affects ECS4	MODBUS_HOLDING_REGISTER	2450	1		u8	0	1	0
Input on ECS2 affects ECS5	MODBUS_HOLDING_REGISTER	2451	1		u8	0	1	0
Input on ECS2 affects ECS6	MODBUS_HOLDING_REGISTER	2452	1		u8	0	1	0
Input on ECS2 affects ECS7	MODBUS_HOLDING_REGISTER	2453	1		u8	0	1	0
Input on ECS2 affects ECS8	MODBUS_HOLDING_REGISTER	2454	1		u8	0	1	0
External setting for adjustment migrated	MODBUS_HOLDING_REGISTER	2503	1		u8	0	1	0
Version, inverter (EB101)	MODBUS_INPUT_REGISTER	2147	1		u8	0	0	0
Time between filter replacement	MODBUS_HOLDING_REGISTER	2676	1		u8	1	24	3
Time between filter replacement	MODBUS_HOLDING_REGISTER	2677	1		u8	1	24	3
Time between filter replacement	MODBUS_HOLDING_REGISTER	2678	1		u8	1	24	3
Time between filter replacement	MODBUS_HOLDING_REGISTER	2679	1		u8	1	24	3
Return time fan 4	MODBUS_HOLDING_REGISTER	2700	1	h	u8	1	24	4
Return time fan 4	MODBUS_HOLDING_REGISTER	2701	1	h	u8	1	24	4
Return time fan 4	MODBUS_HOLDING_REGISTER	2702	1	h	u8	1	24	4
Return time fan 4	MODBUS_HOLDING_REGISTER	2703	1	h	u8	1	24	4
Return time fan 4	MODBUS_HOLDING_REGISTER	2704	1	h	u8	1	24	4
Return time fan 4	MODBUS_HOLDING_REGISTER	2705	1	h	u8	1	24	4
Return time fan 4	MODBUS_HOLDING_REGISTER	2706	1	h	u8	1	24	4
Return time fan 4	MODBUS_HOLDING_REGISTER	2707	1	h	u8	1	24	4
Return time fan 4	MODBUS_HOLDING_REGISTER	2708	1	h	u8	1	24	4
Return time fan 4	MODBUS_HOLDING_REGISTER	2709	1	h	u8	1	24	4
Return time fan 4	MODBUS_HOLDING_REGISTER	2710	1	h	u8	1	24	4
Return time fan 4	MODBUS_HOLDING_REGISTER	2711	1	h	u8	1	24	4
Return time fan 4	MODBUS_HOLDING_REGISTER	2712	1	h	u8	1	24	4
Return time fan 4	MODBUS_HOLDING_REGISTER	2713	1	h	u8	1	24	4
Return time fan 4	MODBUS_HOLDING_REGISTER	2714	1	h	u8	1	24	4
Return time fan 4	MODBUS_HOLDING_REGISTER	2715	1	h	u8	1	24	4
Time between filter replacement	MODBUS_HOLDING_REGISTER	2728	1		u8	1	24	3
Time between filter replacement	MODBUS_HOLDING_REGISTER	2729	1		u8	1	24	3
Time between filter replacement	MODBUS_HOLDING_REGISTER	2730	1		u8	1	24	3
Time between filter replacement	MODBUS_HOLDING_REGISTER	2731	1		u8	1	24	3
AUX from Modbus	MODBUS_HOLDING_REGISTER	2740	1		u8	0	69	0
AUX from Modbus	MODBUS_HOLDING_REGISTER	2741	1		s16	0	0	0
Heat pump test - Silent mode (EB101/EB102)	MODBUS_HOLDING_REGISTER	5101	1		u8	0	1	0
Last defrost, heat pump 1	MODBUS_INPUT_REGISTER	2158	1		u8	0	255	255
ERS 2	MODBUS_HOLDING_REGISTER	2820	1		u8	0	1	0
ERS 3	MODBUS_HOLDING_REGISTER	2821	1		u8	0	1	0
ERS 4	MODBUS_HOLDING_REGISTER	2822	1		u8	0	1	0
ERS 4	MODBUS_HOLDING_REGISTER	2823	1		u8	0	1	0
ERS 4	MODBUS_HOLDING_REGISTER	2824	1		u8	0	1	1
ERS 4	MODBUS_HOLDING_REGISTER	2825	1		u8	0	1	1
ERS 4	MODBUS_HOLDING_REGISTER	2826	1		u8	0	1	1
ERS 4	MODBUS_HOLDING_REGISTER	2827	1		u8	0	1	1
Min. vent temp. (ERS 4)	MODBUS_HOLDING_REGISTER	2857	1	°C	u8	0	10	3
Min. vent temp. (ERS 4)	MODBUS_HOLDING_REGISTER	2858	1	°C	u8	0	10	3
Min. vent temp. (ERS 4)	MODBUS_HOLDING_REGISTER	2859	1	°C	u8	0	10	3
Min. vent temp. (ERS 4)	MODBUS_HOLDING_REGISTER	2860	1	°C	u8	0	10	3
Blocking actions (ERS 4)	MODBUS_HOLDING_REGISTER	2828	1		u8	0	2	2
Blocking actions (ERS 4)	MODBUS_HOLDING_REGISTER	2829	1		u8	0	2	2
Blocking actions (ERS 4)	MODBUS_HOLDING_REGISTER	2830	1		u8	0	2	2
Blocking actions (ERS 4)	MODBUS_HOLDING_REGISTER	2831	1		u8	0	2	2
Fan mode 5	MODBUS_INPUT_REGISTER	2168	1	%	u8	0	0	0
Fan mode 6	MODBUS_INPUT_REGISTER	2169	1	%	u8	0	0	0
Fan mode 7	MODBUS_INPUT_REGISTER	2170	1	%	u8	0	0	0
Fan mode 8	MODBUS_INPUT_REGISTER	2171	1	%	u8	0	0	0
Disable emergency restart GP1	MODBUS_HOLDING_REGISTER	5392	1		u8	0	1	0
Disable emergency restart GP1	MODBUS_HOLDING_REGISTER	5025	1		u8	0	1	0
Modbus external control	MODBUS_HOLDING_REGISTER	5008	1		u8	0	1	0
Pp sp. heating medium GP1	MODBUS_INPUT_REGISTER	2242	1	%	u8	0	0	0
Relay status	MODBUS_INPUT_REGISTER	0	1		u8	0	0	0
Energy log - Produced energy for heating over the past hour	MODBUS_INPUT_REGISTER	2283	100	kWh	u32	0	0	0
Energy log - Produced energy for hot water over the past hour	MODBUS_INPUT_REGISTER	2285	100	kWh	u32	0	0	0
Energy log - Used energy for heating over the past hour	MODBUS_INPUT_REGISTER	2291	100	kWh	u32	0	0	0
Energy log - Used energy for hot water over the past hour	MODBUS_INPUT_REGISTER	2293	100	kWh	u32	0	0	0
Energy log - Used energy by additional heater for heating over the past hour	MODBUS_INPUT_REGISTER	2299	100	kWh	u32	0	0	0
Energy log - Used energy by additional heater for hot water over the past hour	MODBUS_INPUT_REGISTER	2301	100	kWh	u32	0	0	0
Energy log - Current power consumption	MODBUS_INPUT_REGISTER	2305	100	kWh	u32	0	0	0
Energy log - Current power consumption, components	MODBUS_INPUT_REGISTER	2408	100	kWh	u32	0	0	0
Compressor, total time energy storage, main unit (EP14)	MODBUS_INPUT_REGISTER	2335	1	h	u32	0	2147483647	0
Compressor, total time energy storage, main unit (EP15)	MODBUS_INPUT_REGISTER	2337	1	h	u32	0	2147483647	0
Compressor, total time energy storage, heat pump 1 (EP14)	MODBUS_INPUT_REGISTER	2339	1	h	u32	0	2147483647	0
Compressor, total time energy storage, heat pump 1 (EP15)	MODBUS_INPUT_REGISTER	2341	1	h	u32	0	2147483647	0
External reading of BT71 activated	MODBUS_HOLDING_REGISTER	5210	1		u8	0	1	0
External reading of BT52 activated	MODBUS_HOLDING_REGISTER	5216	1		u8	0	1	0
External reading of value BT71	MODBUS_HOLDING_REGISTER	5219	10	°C	s16	0	0	0
External reading of value BT52	MODBUS_HOLDING_REGISTER	5225	10	°C	s16	0	0	0
Heating, compressor only	MODBUS_INPUT_REGISTER	1585	10	kWh	u32	0	0	0
Hot water, compressor only	MODBUS_INPUT_REGISTER	1583	10	kWh	u32	0	0	0
Heating, including int. add. heat	MODBUS_INPUT_REGISTER	1577	10	kWh	u32	0	0	0
Hot water, including int. add. heat	MODBUS_INPUT_REGISTER	1575	10	kWh	u32	0	0	0
Boiler temperature (BT52)	MODBUS_INPUT_REGISTER	3800	10	°C	s16	0	0	0
Tot. production	MODBUS_INPUT_REGISTER	3821	10	kWh	u32	0	0	0
Tot. consumption	MODBUS_INPUT_REGISTER	3823	10	kWh	u32	0	0	0
Current power	MODBUS_INPUT_REGISTER	2727	100	kW	u32	0	0	0
Speed, circulation pump, standby mode (EB100)	MODBUS_HOLDING_REGISTER	5996	1	%	u8	1	100	30
External reading of BT68 activated	MODBUS_HOLDING_REGISTER	6003	1		u8	0	1	0
External reading of value BT68	MODBUS_HOLDING_REGISTER	6004	10	°C	s16	0	0	0
External reading of BT69 activated	MODBUS_HOLDING_REGISTER	6005	1		u8	0	1	0
External reading of value BT68	MODBUS_HOLDING_REGISTER	6006	10	°C	s16	0	0	0
Priority	MODBUS_INPUT_REGISTER	3804	1		u8	0	0	0
Input AUX7	MODBUS_HOLDING_REGISTER	1555	1		u8	0	69	0
Input AUX8	MODBUS_HOLDING_REGISTER	1556	1		u8	0	69	0
Input AUX9	MODBUS_HOLDING_REGISTER	1557	1		u8	0	69	0
Immersion heater power, emergency mode	MODBUS_HOLDING_REGISTER	3028	100	kW	s16	0	4500	600
Disable emergency restart GP1	MODBUS_HOLDING_REGISTER	3986	1		u8	0	1	0
"EEV Control Mode (EB101)"	MODBUS_INPUT_REGISTER	2413	1		u8	0	0	0
"EEV State (EB101)"	MODBUS_INPUT_REGISTER	2421	1		u8	0	0	0
